CustomerId,Password,Name,Phone
1,fyh411,Feng Yuhao,110
2,ljy411,Li Jingyu,119
3,sjd411,Shen Junda,120
4,zyt411,Zhou Yutao,911
5,SchmittNantes411,Schmitt Carine,40322555
6,KingLasVegas411,King Jean,7025551838
7,FergusonMelbourne411,Ferguson Peter,0395204555
8,LabruneNantes411,Labrune Janine,40678555
9,BergulfsenStavern411,Bergulfsen Jonas,07989555
10,NelsonSanRafael411,Nelson Susan,4155551450
11,PiestrzeniewiczWarszawa411,Piestrzeniewicz Zbyszek,266427555
12,KeitelFrankfurt411,Keitel Roland,496966902555
13,MurphySanFrancisco411,Murphy Julie,6505555787
14,LeeNYC411,Lee Kwai,2125557818
15,FreyreMadrid411,Freyre Diego,915559444
16,BerglundLuleå411,Berglund Christina,0921123555
17,PetersenKobenhavn411,Petersen Jytte,31123555
18,SaveleyLyon411,Saveley Mary,78325555
19,NatividadSingapore411,Natividad Eric,652217555
20,YoungNYC411,Young Jeff,2125557413
21,LeongAllentown411,Leong Kelvin,2155551555
22,HashimotoBurlingame411,Hashimoto Juri,6505556809
23,VictorinoSingapore411,Victorino Wendy,652241555
24,OeztanBergen411,Oeztan Veysel,4722673215
25,FrancoNewHaven411,Franco Keith,2035557845
26,deCastroLisboa411,de Castro Isabel,13565555
27,RancéLille411,Rancé Martine,20161555
28,BertrandParis411,Bertrand Marie,142342555
29,TsengCambridge411,Tseng Jerry,6175555555
30,KingBridgewater411,King Julie,2035552570
31,KentaryKita-ku411,Kentary Mory,810663425555
32,FrickNYC411,Frick Michael,2125551500
33,KarttunenHelsinki411,Karttunen Matti,902248555
34,AshworthManchester411,Ashworth Rachel,1715551555
35,CassidyDublin411,Cassidy Dean,35318621555
36,TaylorBrickhaven411,Taylor Leslie,6175558428
37,DevonLiverpool411,Devon Elizabeth,1715552282
38,TamuriVancouver411,Tamuri Yoshi,6045553392
39,BarajasBrickhaven411,Barajas Miguel,6175557555
40,YoungPasadena411,Young Julie,6265557265
41,WalkerSingapore411,Walker Brydey,61294111555
42,CiteauxStrasbourg411,Citeaux Frédérique,88601555
43,GaoCentralHongKong411,Gao Mike,85222511555
44,SaavedraBarcelona411,Saavedra Eduardo,932034555
45,YoungGlendale411,Young Mary,3105552373
46,KlossCunewalde411,Kloss Horst,0372555188
47,IbsenÅrhus411,Ibsen Palle,86213555
48,FresnièreMontréal411,Fresnière Jean,5145558054
49,CaminoMadrid411,Camino Alejandra,917456555
50,ThompsonSanDiego411,Thompson Valarie,7605558146
51,BennettCowes411,Bennett Helen,1985558888
52,RouletToulouse411,Roulet Annette,61776555
53,MessnerFrankfurt411,Messner Renate,0690555984
54,AccortiTorino411,Accorti Paolo,0114988555
55,DaSilvaParis411,Da Silva Daniel,33146627555
56,ToniniVersailles411,Tonini Daniel,30598555
57,PfalzheimKöln411,Pfalzheim Henriette,02215554327
58,LincolnTsawassen411,Lincoln Elizabeth,6045554555
59,FrankenMünchen411,Franken Peter,0890877555
60,O'HaraNorthSydney411,O'Hara Anna,0299368555
61,RovelliBergamo411,Rovelli Giovanni,035640555
62,HuxleyChatswood411,Huxley Adrian,61294958555
63,HernandezCambridge411,Hernandez Marta,6175558555
64,HarrisonFribourg411,Harrison Ed,41264255001
65,HolzGenève411,Holz Mihael,0897034555
66,KlaeboeOslo411,Klaeboe Jan,4722121555
67,SchuylerAmsterdam411,Schuyler Bradley,31204919555
68,AndersenBerlin411,Andersen Mel,0300074555
69,KoskitaloOulu411,Koskitalo Pirkko,981443655
70,DeweyBruxelles411,Dewey Catherine,02555467
71,FrickWhitePlains411,Frick Steve,9145554562
72,HuangNewBedford411,Huang Wing,5085559555
73,BrownSanFrancisco411,Brown Julie,6505551386
74,GrahamAuckland411,Graham Mike,6493125555
75,BrownLondon411,Brown Ann,1715550297
76,BrownNewark411,Brown William,2015559350
77,CalaghanSouthBrisbane411,Calaghan Ben,61738446555
78,SuominenEspoo411,Suominen Kalle,35898045555
79,CramerBrandenburg411,Cramer Philip,055509555
80,CervantesPhiladelphia411,Cervantes Francisca,2155554695
81,FernandezMadrid411,Fernandez Jesus,34913728555
82,ChandlerLosAngeles411,Chandler Brian,2155554369
83,McKennaCork411,McKenna Patricia,2967555
84,LebihanMarseille411,Lebihan Laurence,91244555
85,HenriotReims411,Henriot Paul,26471555
86,KugerHatfield411,Kuger Armand,27215503555
87,MacKinlayAuckland411,MacKinlay Wales,6493763555
88,JosephsMünster411,Josephs Karin,0251555259
89,YoshidoBoston411,Yoshido Juri,6175559555
90,YoungNashua411,Young Dorothy,6035558647
91,RodriguezLisboa411,Rodriguez Lino,13542555
92,UrsBern411,Urs Braun,0452076555
93,NelsonBrickhaven411,Nelson Allen,6175558555
94,CartrainCharleroi411,Cartrain Pascale,07123672555
95,PippsSalzburg411,Pipps Georg,65629555
96,CruzMakatiCity411,Cruz Arnold,6325553587
97,MoroniReggioEmilia411,Moroni Maurizio,0522556555
98,ShimamuraMinato-ku411,Shimamura Akiko,81335840555
99,PerrierParis411,Perrier Dominique,147556555
100,MüllerStuttgart411,Müller Rita,0711555361
101,McRoyWellington411,McRoy Sarah,044999555
102,DonnermeyerMunich411,Donnermeyer Michael,498961089555
103,HernandezNYC411,Hernandez Maria,2125558493
104,FeuerLeipzig411,Feuer Alexander,0342555176
105,LewisGlendale411,Lewis Dan,2035554407
106,LarssonBräcke411,Larsson Martha,0695346555
107,FrickSanJose411,Frick Sue,4085553659
108,MendelGraz411,Mendel Roland,76753555
109,MurphyNewHaven411,Murphy Leslie,2035559545
110,ChoiNYC411,Choi Yu,2125551957
111,SommerMadrid411,Sommer Martín,915552282
112,OttliebAachen411,Ottlieb Sven,0241039123
113,BenitezNewBedford411,Benitez Violeta,5085552555
114,AntonMadrid411,Anton Carmen,34913728555
115,ClenahanGlenWaverly411,Clenahan Sean,61938446555
116,RicottiMilan411,Ricotti Franco,39022515555
117,ThompsonBurbank411,Thompson Steve,3105553722
118,MoosMannheim411,Moos Hanna,062108555
119,SemenovSaintPetersburg411,Semenov Alexander,78122930521
120,"Altagar,GMHerzlia411","Altagar,G M Raanan",97299598555
121,RoelSevilla411,Roel José Pedro,955558282
122,SalazarPhiladelphia411,Salazar Rosa,2155559857
123,TaylorBrisbane411,Taylor Sue,4155554312
124,SmithLondon411,Smith Thomas,1715557555
125,FrancoBoston411,Franco Valarie,6175552555
126,SnowdenAuckland411,Snowden Tony,6495555500
127,KoskitaloMünchen411,Koskitalo Peter,0890877555
128,PippsBruxelles411,Pipps Catherine,02555467
129,CervantesLeipzig411,Cervantes Alexander,0342555176
130,LeeSingapore411,Lee Brydey,61294111555
131,HernandezKöln411,Hernandez Henriette,02215554327
132,ThompsonLille411,Thompson Martine,20161555
133,RouletLeipzig411,Roulet Alexander,0342555176
134,AndersenLisboa411,Andersen Lino,13542555
135,MessnerEspoo411,Messner Kalle,35898045555
136,PfalzheimMakatiCity411,Pfalzheim Arnold,6325553587
137,AndersenMünchen411,Andersen Peter,0890877555
138,FernandezPhiladelphia411,Fernandez Francisca,2155554695
139,MessnerMinato-ku411,Messner Akiko,81335840555
140,CartrainMarseille411,Cartrain Laurence,91244555
141,DevonCork411,Devon Patricia,2967555
142,CruzLuleå411,Cruz Christina,0921123555
143,ToniniLisboa411,Tonini Lino,13542555
144,McRoyChatswood411,McRoy Adrian,61294958555
145,YoungKita-ku411,Young Mory,810663425555
146,HenriotBarcelona411,Henriot Eduardo,932034555
147,MoroniMarseille411,Moroni Laurence,91244555
148,LebihanVancouver411,Lebihan Yoshi,6045553392
149,CalaghanBern411,Calaghan Braun,0452076555
150,HashimotoÅrhus411,Hashimoto Palle,86213555
151,CervantesLeipzig411,Cervantes Alexander,0342555176
152,NatividadTsawassen411,Natividad Elizabeth,6045554555
153,CramerKobenhavn411,Cramer Jytte,31123555
154,SaavedraLyon411,Saavedra Mary,78325555
155,FeuerLuleå411,Feuer Christina,0921123555
156,LebihanPasadena411,Lebihan Julie,6265557265
157,DeweyFribourg411,Dewey Ed,41264255001
158,LincolnFrankfurt411,Lincoln Renate,0690555984
159,SchuylerFribourg411,Schuyler Ed,41264255001
160,YoungBoston411,Young Juri,6175559555
161,UrsBrickhaven411,Urs Leslie,6175558428
162,SuominenCowes411,Suominen Helen,1985558888
163,BerglundCunewalde411,Berglund Horst,0372555188
164,RancéWellington411,Rancé Sarah,044999555
165,YoungNantes411,Young Janine,40678555
166,DaSilvaLondon411,Da Silva Ann,1715550297
167,HashimotoMadrid411,Hashimoto Diego,915559444
168,DevonPhiladelphia411,Devon Francisca,2155554695
169,MüllerParis411,Müller Marie,142342555
170,O'HaraSalzburg411,O'Hara Georg,65629555
171,ToniniMarseille411,Tonini Laurence,91244555
172,OeztanMakatiCity411,Oeztan Arnold,6325553587
173,McKennaChatswood411,McKenna Adrian,61294958555
174,FeuerÅrhus411,Feuer Palle,86213555
175,GrahamCowes411,Graham Helen,1985558888
176,CaminoNYC411,Camino Maria,2125558493
177,KoskitaloParis411,Koskitalo Daniel,33146627555
178,FergusonStuttgart411,Ferguson Rita,0711555361
179,HuangNantes411,Huang Janine,40678555
180,MacKinlaySouthBrisbane411,MacKinlay Ben,61738446555
181,FrickLisboa411,Frick Lino,13542555
182,HuxleyMadrid411,Huxley Jesus,34913728555
183,PetersenBurlingame411,Petersen Juri,6505556809
184,RancéBarcelona411,Rancé Eduardo,932034555
185,FergusonPasadena411,Ferguson Julie,6265557265
186,KlossLeipzig411,Kloss Alexander,0342555176
187,BrownMunich411,Brown Michael,498961089555
188,AndersenSouthBrisbane411,Andersen Ben,61738446555
189,UrsDublin411,Urs Dean,35318621555
190,HernandezHatfield411,Hernandez Armand,27215503555
191,HernandezBarcelona411,Hernandez Eduardo,932034555
192,LewisGenève411,Lewis Mihael,0897034555
193,YoshidoNewark411,Yoshido William,2015559350
194,PfalzheimBerlin411,Pfalzheim Mel,0300074555
195,FreyreBern411,Freyre Braun,0452076555
196,HenriotMarseille411,Henriot Laurence,91244555
197,UrsLondon411,Urs Ann,1715550297
198,BarajasSouthBrisbane411,Barajas Ben,61738446555
199,NelsonMelbourne411,Nelson Peter,0395204555
200,CiteauxLiverpool411,Citeaux Elizabeth,1715552282
201,FrankenSingapore411,Franken Eric,652217555
202,MacKinlayVersailles411,MacKinlay Daniel,30598555
203,HenriotNorthSydney411,Henriot Anna,0299368555
204,DonnermeyerKöln411,Donnermeyer Henriette,02215554327
205,YoshidoAuckland411,Yoshido Mike,6493125555
206,AccortiCunewalde411,Accorti Horst,0372555188
207,DevonBrickhaven411,Devon Miguel,6175557555
208,OeztanSanFrancisco411,Oeztan Julie,6505551386
209,HuangMontréal411,Huang Jean,5145558054
210,ChandlerKita-ku411,Chandler Mory,810663425555
211,DevonMinato-ku411,Devon Akiko,81335840555
212,BergulfsenCowes411,Bergulfsen Helen,1985558888
213,RodriguezMünchen411,Rodriguez Peter,0890877555
214,DonnermeyerStuttgart411,Donnermeyer Rita,0711555361
215,LeeKöln411,Lee Henriette,02215554327
216,HarrisonMarseille411,Harrison Laurence,91244555
217,YoungManchester411,Young Rachel,1715551555
218,FrankenNorthSydney411,Franken Anna,0299368555
219,YoungBrickhaven411,Young Miguel,6175557555
220,MurphyCork411,Murphy Patricia,2967555
221,deCastroMünchen411,de Castro Peter,0890877555
222,CalaghanVancouver411,Calaghan Yoshi,6045553392
223,HenriotCambridge411,Henriot Marta,6175558555
224,DevonTsawassen411,Devon Elizabeth,6045554555
225,LebihanMakatiCity411,Lebihan Arnold,6325553587
226,KeitelPhiladelphia411,Keitel Francisca,2155554695
227,FernandezMadrid411,Fernandez Jesus,34913728555
228,CartrainPhiladelphia411,Cartrain Francisca,2155554695
229,BrownBergamo411,Brown Giovanni,035640555
230,KingFrankfurt411,King Roland,496966902555
231,NelsonGlendale411,Nelson Mary,3105552373
232,BennettVancouver411,Bennett Yoshi,6045553392
233,BennettChatswood411,Bennett Adrian,61294958555
234,YoungFrankfurt411,Young Roland,496966902555
235,FeuerWhitePlains411,Feuer Steve,9145554562
236,CaminoLisboa411,Camino Isabel,13565555
237,JosephsOslo411,Josephs Jan,4722121555
238,McRoyCentralHongKong411,McRoy Mike,85222511555
239,OeztanParis411,Oeztan Daniel,33146627555
240,KentaryAmsterdam411,Kentary Bradley,31204919555
241,CruzSanDiego411,Cruz Valarie,7605558146
242,BerglundCharleroi411,Berglund Pascale,07123672555
243,FrankenBern411,Franken Braun,0452076555
244,CiteauxMadrid411,Citeaux Diego,915559444
245,LabruneMinato-ku411,Labrune Akiko,81335840555
246,DonnermeyerVancouver411,Donnermeyer Yoshi,6045553392
247,LeeBrickhaven411,Lee Allen,6175558555
248,DaSilvaMünchen411,Da Silva Peter,0890877555
249,YoungSanFrancisco411,Young Julie,6505551386
250,AccortiStuttgart411,Accorti Rita,0711555361
251,FrickBergamo411,Frick Giovanni,035640555
252,BrownLille411,Brown Martine,20161555
253,AndersenBergamo411,Andersen Giovanni,035640555
254,LeeBern411,Lee Braun,0452076555
255,SaavedraLille411,Saavedra Martine,20161555
256,DevonMinato-ku411,Devon Akiko,81335840555
257,LebihanLosAngeles411,Lebihan Brian,2155554369
258,CiteauxNewark411,Citeaux William,2015559350
259,CartrainMadrid411,Cartrain Jesus,34913728555
260,McKennaBarcelona411,McKenna Eduardo,932034555
261,JosephsWarszawa411,Josephs Zbyszek,266427555
262,BrownNYC411,Brown Michael,2125551500
263,VictorinoStrasbourg411,Victorino Frédérique,88601555
264,YoungLyon411,Young Mary,78325555
265,McRoyAuckland411,McRoy Mike,6493125555
266,BrownNYC411,Brown Maria,2125558493
267,NatividadKita-ku411,Natividad Mory,810663425555
268,DeweyLeipzig411,Dewey Alexander,0342555176
269,DeweyNYC411,Dewey Michael,2125551500
270,KugerAmsterdam411,Kuger Bradley,31204919555
271,ToniniWhitePlains411,Tonini Steve,9145554562
272,deCastroGlendale411,de Castro Mary,3105552373
273,LewisMadrid411,Lewis Jesus,34913728555
274,CiteauxNewark411,Citeaux William,2015559350
275,PfalzheimTorino411,Pfalzheim Paolo,0114988555
276,FrickStavern411,Frick Jonas,07989555
277,OeztanParis411,Oeztan Daniel,33146627555
278,SuominenSingapore411,Suominen Eric,652217555
279,FresnièrePhiladelphia411,Fresnière Francisca,2155554695
280,CartrainÅrhus411,Cartrain Palle,86213555
281,WalkerLisboa411,Walker Lino,13542555
282,KlaeboeNorthSydney411,Klaeboe Anna,0299368555
283,TaylorGlendale411,Taylor Mary,3105552373
284,BertrandNewHaven411,Bertrand Keith,2035557845
285,HolzNantes411,Holz Janine,40678555
286,deCastroMadrid411,de Castro Diego,915559444
287,VictorinoKita-ku411,Victorino Mory,810663425555
288,JosephsGenève411,Josephs Mihael,0897034555
289,SuominenCambridge411,Suominen Jerry,6175555555
290,RovelliWarszawa411,Rovelli Zbyszek,266427555
291,TamuriGenève411,Tamuri Mihael,0897034555
292,HuangBoston411,Huang Juri,6175559555
293,TamuriSouthBrisbane411,Tamuri Ben,61738446555
294,LewisCowes411,Lewis Helen,1985558888
295,FrickCambridge411,Frick Jerry,6175555555
296,McRoyCentralHongKong411,McRoy Mike,85222511555
297,CruzLuleå411,Cruz Christina,0921123555
298,DaSilvaDublin411,Da Silva Dean,35318621555
299,KlossFrankfurt411,Kloss Roland,496966902555
300,CiteauxParis411,Citeaux Dominique,147556555
301,GrahamMünchen411,Graham Peter,0890877555
302,MurphyCunewalde411,Murphy Horst,0372555188
303,ChandlerNorthSydney411,Chandler Anna,0299368555
304,LincolnManchester411,Lincoln Rachel,1715551555
305,BrownLosAngeles411,Brown Brian,2155554369
306,MacKinlayParis411,MacKinlay Dominique,147556555
307,KoskitaloOslo411,Koskitalo Jan,4722121555
308,CruzBergamo411,Cruz Giovanni,035640555
309,LincolnLille411,Lincoln Martine,20161555
310,BertrandMadrid411,Bertrand Jesus,34913728555
311,FeuerGlendale411,Feuer Mary,3105552373
312,KeitelGlendale411,Keitel Dan,2035554407
313,CassidyParis411,Cassidy Dominique,147556555
314,HernandezParis411,Hernandez Marie,142342555
315,VictorinoSanFrancisco411,Victorino Julie,6505555787
316,PfalzheimBrickhaven411,Pfalzheim Allen,6175558555
317,PetersenSingapore411,Petersen Eric,652217555
318,NelsonMelbourne411,Nelson Peter,0395204555
319,CramerParis411,Cramer Marie,142342555
320,MacKinlayNYC411,MacKinlay Kwai,2125557818
321,HuangNewark411,Huang William,2015559350
322,KeitelStavern411,Keitel Jonas,07989555
323,FreyreFrankfurt411,Freyre Roland,496966902555
324,WalkerSingapore411,Walker Wendy,652241555
325,FresnièrePasadena411,Fresnière Julie,6265557265
326,PerrierKita-ku411,Perrier Mory,810663425555
327,HashimotoBrickhaven411,Hashimoto Allen,6175558555
328,GaoCork411,Gao Patricia,2967555
329,SaveleyChatswood411,Saveley Adrian,61294958555
330,KoskitaloSanFrancisco411,Koskitalo Julie,6505555787
331,MüllerBerlin411,Müller Mel,0300074555
332,NatividadWellington411,Natividad Sarah,044999555
333,PiestrzeniewiczStavern411,Piestrzeniewicz Jonas,07989555
334,CaminoMarseille411,Camino Laurence,91244555
335,FrickCowes411,Frick Helen,1985558888
336,LincolnGenève411,Lincoln Mihael,0897034555
337,FeuerLeipzig411,Feuer Alexander,0342555176
338,NelsonStuttgart411,Nelson Rita,0711555361
339,McKennaGlendale411,McKenna Dan,2035554407
340,HenriotCentralHongKong411,Henriot Mike,85222511555
341,PfalzheimNewBedford411,Pfalzheim Wing,5085559555
342,ShimamuraNYC411,Shimamura Jeff,2125557413
343,HuxleyÅrhus411,Huxley Palle,86213555
344,SuominenMunich411,Suominen Michael,498961089555
345,YoungLisboa411,Young Lino,13542555
346,NelsonÅrhus411,Nelson Palle,86213555
347,RovelliLuleå411,Rovelli Christina,0921123555
348,LeongNYC411,Leong Kwai,2125557818
349,FreyreMadrid411,Freyre Diego,915559444
350,YoungLondon411,Young Ann,1715550297
351,HashimotoVancouver411,Hashimoto Yoshi,6045553392
352,FernandezEspoo411,Fernandez Kalle,35898045555
353,TamuriNewark411,Tamuri William,2015559350
354,RancéFrankfurt411,Rancé Roland,496966902555
355,BrownLasVegas411,Brown Jean,7025551838
356,McKennaReims411,McKenna Paul,26471555
357,HarrisonNewBedford411,Harrison Wing,5085559555
358,ToniniLondon411,Tonini Ann,1715550297
359,PiestrzeniewiczBurlingame411,Piestrzeniewicz Juri,6505556809
360,MessnerTsawassen411,Messner Elizabeth,6045554555
361,FrancoParis411,Franco Marie,142342555
362,LincolnMinato-ku411,Lincoln Akiko,81335840555
363,McKennaCork411,McKenna Patricia,2967555
364,HuxleyLisboa411,Huxley Isabel,13565555
365,FreyreMünster411,Freyre Karin,0251555259
366,GrahamMunich411,Graham Michael,498961089555
367,RouletLosAngeles411,Roulet Brian,2155554369
368,McRoyBrickhaven411,McRoy Allen,6175558555
369,LewisWellington411,Lewis Sarah,044999555
370,WalkerBergen411,Walker Veysel,4722673215
371,LincolnBern411,Lincoln Braun,0452076555
372,SaavedraAmsterdam411,Saavedra Bradley,31204919555
373,HernandezSouthBrisbane411,Hernandez Ben,61738446555
374,PiestrzeniewiczCharleroi411,Piestrzeniewicz Pascale,07123672555
375,YoshidoMarseille411,Yoshido Laurence,91244555
376,HernandezGlendale411,Hernandez Mary,3105552373
377,ChandlerKita-ku411,Chandler Mory,810663425555
378,YoungMarseille411,Young Laurence,91244555
379,YoungBoston411,Young Juri,6175559555
380,PiestrzeniewiczSingapore411,Piestrzeniewicz Brydey,61294111555
381,TaylorBrickhaven411,Taylor Leslie,6175558428
382,CaminoLasVegas411,Camino Jean,7025551838
383,FeuerBern411,Feuer Braun,0452076555
384,BergulfsenTsawassen411,Bergulfsen Elizabeth,6045554555
385,DevonAuckland411,Devon Mike,6493125555
386,ThompsonBergamo411,Thompson Giovanni,035640555
387,TamuriCambridge411,Tamuri Jerry,6175555555
388,HarrisonMontréal411,Harrison Jean,5145558054
389,MurphyWarszawa411,Murphy Zbyszek,266427555
390,FernandezAuckland411,Fernandez Mike,6493125555
391,YoshidoÅrhus411,Yoshido Palle,86213555
392,LeeHelsinki411,Lee Matti,902248555
393,KingFribourg411,King Ed,41264255001
394,ShimamuraCambridge411,Shimamura Jerry,6175555555
395,RodriguezCentralHongKong411,Rodriguez Mike,85222511555
396,ThompsonTorino411,Thompson Paolo,0114988555
397,YoungNashua411,Young Dorothy,6035558647
398,RodriguezOslo411,Rodriguez Jan,4722121555
399,KeitelAllentown411,Keitel Kelvin,2155551555
400,SchuylerLasVegas411,Schuyler Jean,7025551838
401,OeztanAuckland411,Oeztan Mike,6493125555
402,CalaghanBridgewater411,Calaghan Julie,2035552570
403,DonnermeyerGenève411,Donnermeyer Mihael,0897034555
404,AndersenEspoo411,Andersen Kalle,35898045555
405,MessnerSingapore411,Messner Wendy,652241555
406,DaSilvaParis411,Da Silva Marie,142342555
407,RodriguezCharleroi411,Rodriguez Pascale,07123672555
408,GrahamNYC411,Graham Michael,2125551500
409,FernandezNashua411,Fernandez Dorothy,6035558647
410,BergulfsenNashua411,Bergulfsen Dorothy,6035558647
411,SchuylerTsawassen411,Schuyler Elizabeth,6045554555
412,CervantesMelbourne411,Cervantes Peter,0395204555
413,YoungNYC411,Young Kwai,2125557818
414,IbsenLuleå411,Ibsen Christina,0921123555
415,YoungBrickhaven411,Young Miguel,6175557555
416,BerglundSanRafael411,Berglund Susan,4155551450
417,GrahamSanRafael411,Graham Susan,4155551450
418,WalkerAuckland411,Walker Wales,6493763555
419,YoungMakatiCity411,Young Arnold,6325553587
420,LeongCowes411,Leong Helen,1985558888
421,YoungGlendale411,Young Dan,2035554407
422,GrahamEspoo411,Graham Kalle,35898045555
423,RancéNashua411,Rancé Dorothy,6035558647
424,DeweySanDiego411,Dewey Valarie,7605558146
425,JosephsFribourg411,Josephs Ed,41264255001
426,CaminoMontréal411,Camino Jean,5145558054
427,RovelliPasadena411,Rovelli Julie,6265557265
428,ShimamuraCambridge411,Shimamura Jerry,6175555555
429,VictorinoTorino411,Victorino Paolo,0114988555
430,KarttunenBerlin411,Karttunen Mel,0300074555
431,BrownFrankfurt411,Brown Roland,496966902555
432,YoshidoBrickhaven411,Yoshido Allen,6175558555
433,TsengMontréal411,Tseng Jean,5145558054
434,HernandezAllentown411,Hernandez Kelvin,2155551555
435,RouletVersailles411,Roulet Daniel,30598555
436,RouletHatfield411,Roulet Armand,27215503555
437,OeztanOslo411,Oeztan Jan,4722121555
438,SuominenMontréal411,Suominen Jean,5145558054
439,YoungMinato-ku411,Young Akiko,81335840555
440,PetersenBarcelona411,Petersen Eduardo,932034555
441,BergulfsenBrickhaven411,Bergulfsen Allen,6175558555
442,KlaeboeBergen411,Klaeboe Veysel,4722673215
443,RodriguezLuleå411,Rodriguez Christina,0921123555
444,MurphyHatfield411,Murphy Armand,27215503555
445,HernandezCambridge411,Hernandez Jerry,6175555555
446,RovelliBurlingame411,Rovelli Juri,6505556809
447,HernandezCambridge411,Hernandez Jerry,6175555555
448,PfalzheimBridgewater411,Pfalzheim Julie,2035552570
449,BrownCowes411,Brown Helen,1985558888
450,KingParis411,King Marie,142342555
451,ShimamuraMadrid411,Shimamura Alejandra,917456555
452,LeeStrasbourg411,Lee Frédérique,88601555
453,PiestrzeniewiczMakatiCity411,Piestrzeniewicz Arnold,6325553587
454,GrahamBern411,Graham Braun,0452076555
455,YoshidoTsawassen411,Yoshido Elizabeth,6045554555
456,AndersenLiverpool411,Andersen Elizabeth,1715552282
457,PiestrzeniewiczÅrhus411,Piestrzeniewicz Palle,86213555
458,OeztanCunewalde411,Oeztan Horst,0372555188
459,AndersenSingapore411,Andersen Brydey,61294111555
460,KlaeboeAuckland411,Klaeboe Mike,6493125555
461,PfalzheimTorino411,Pfalzheim Paolo,0114988555
462,deCastroCambridge411,de Castro Jerry,6175555555
463,TsengLisboa411,Tseng Lino,13542555
464,HolzHelsinki411,Holz Matti,902248555
465,KentarySanDiego411,Kentary Valarie,7605558146
466,KoskitaloWellington411,Koskitalo Sarah,044999555
467,PiestrzeniewiczOulu411,Piestrzeniewicz Pirkko,981443655
468,CiteauxMadrid411,Citeaux Diego,915559444
469,UrsReggioEmilia411,Urs Maurizio,0522556555
470,KlossStuttgart411,Kloss Rita,0711555361
471,FrickStrasbourg411,Frick Frédérique,88601555
472,O'HaraBrickhaven411,O'Hara Miguel,6175557555
473,KugerCunewalde411,Kuger Horst,0372555188
474,BarajasLosAngeles411,Barajas Brian,2155554369
475,YoungParis411,Young Daniel,33146627555
476,HernandezParis411,Hernandez Daniel,33146627555
477,AndersenNewBedford411,Andersen Wing,5085559555
478,MüllerMünchen411,Müller Peter,0890877555
479,HernandezNantes411,Hernandez Janine,40678555
480,BrownGenève411,Brown Mihael,0897034555
481,AndersenKöln411,Andersen Henriette,02215554327
482,CaminoSingapore411,Camino Brydey,61294111555
483,ThompsonHatfield411,Thompson Armand,27215503555
484,KugerSanFrancisco411,Kuger Julie,6505555787
485,BertrandParis411,Bertrand Marie,142342555
486,AshworthHatfield411,Ashworth Armand,27215503555
487,NelsonFrankfurt411,Nelson Renate,0690555984
488,NatividadLosAngeles411,Natividad Brian,2155554369
489,KingBoston411,King Juri,6175559555
490,GaoManchester411,Gao Rachel,1715551555
491,BergulfsenManchester411,Bergulfsen Rachel,1715551555
492,PippsMünster411,Pipps Karin,0251555259
493,McRoySingapore411,McRoy Wendy,652241555
494,MessnerSanFrancisco411,Messner Julie,6505551386
495,PippsNantes411,Pipps Janine,40678555
496,CaminoAllentown411,Camino Kelvin,2155551555
497,FrickNashua411,Frick Dorothy,6035558647
498,SchuylerLyon411,Schuyler Mary,78325555
499,KarttunenNewark411,Karttunen William,2015559350
500,LincolnEspoo411,Lincoln Kalle,35898045555
501,PerrierSouthBrisbane411,Perrier Ben,61738446555
502,CaminoBurlingame411,Camino Juri,6505556809
503,KingFribourg411,King Ed,41264255001
504,RodriguezLisboa411,Rodriguez Lino,13542555
505,CassidyMadrid411,Cassidy Jesus,34913728555
506,PippsMadrid411,Pipps Diego,915559444
507,FernandezSouthBrisbane411,Fernandez Ben,61738446555
508,RancéSingapore411,Rancé Eric,652217555
509,FrankenBrickhaven411,Franken Leslie,6175558428
510,KugerSanDiego411,Kuger Valarie,7605558146
511,LebihanKobenhavn411,Lebihan Jytte,31123555
512,HuangKöln411,Huang Henriette,02215554327
513,CalaghanMünchen411,Calaghan Peter,0890877555
514,UrsGlendale411,Urs Mary,3105552373
515,SaavedraStavern411,Saavedra Jonas,07989555
516,CassidyLille411,Cassidy Martine,20161555
517,FeuerStrasbourg411,Feuer Frédérique,88601555
518,CassidyLeipzig411,Cassidy Alexander,0342555176
519,BennettÅrhus411,Bennett Palle,86213555
520,ShimamuraLosAngeles411,Shimamura Brian,2155554369
521,KlaeboeMünchen411,Klaeboe Peter,0890877555
522,DevonChatswood411,Devon Adrian,61294958555
523,FrickLiverpool411,Frick Elizabeth,1715552282
524,IbsenChatswood411,Ibsen Adrian,61294958555
525,LebihanBrickhaven411,Lebihan Miguel,6175557555
526,DaSilvaPasadena411,Da Silva Julie,6265557265
527,YoshidoTorino411,Yoshido Paolo,0114988555
528,IbsenLosAngeles411,Ibsen Brian,2155554369
529,TamuriWellington411,Tamuri Sarah,044999555
530,PetersenMünster411,Petersen Karin,0251555259
531,BerglundParis411,Berglund Dominique,147556555
532,NelsonMarseille411,Nelson Laurence,91244555
533,YoungCambridge411,Young Jerry,6175555555
534,FreyreHelsinki411,Freyre Matti,902248555
535,KeitelAmsterdam411,Keitel Bradley,31204919555
536,FrickLondon411,Frick Ann,1715550297
537,KingFrankfurt411,King Renate,0690555984
538,SuominenBrandenburg411,Suominen Philip,055509555
539,PetersenSanFrancisco411,Petersen Julie,6505551386
540,BarajasLuleå411,Barajas Christina,0921123555
541,FrancoHelsinki411,Franco Matti,902248555
542,DeweyLisboa411,Dewey Lino,13542555
543,RovelliCambridge411,Rovelli Marta,6175558555
544,HenriotBruxelles411,Henriot Catherine,02555467
545,BertrandNantes411,Bertrand Janine,40678555
546,HashimotoOulu411,Hashimoto Pirkko,981443655
547,YoungSingapore411,Young Brydey,61294111555
548,BrownEspoo411,Brown Kalle,35898045555
549,FresnièreFribourg411,Fresnière Ed,41264255001
550,YoungAuckland411,Young Mike,6493125555
551,LeeBrickhaven411,Lee Allen,6175558555
552,PerrierKita-ku411,Perrier Mory,810663425555
553,LincolnLasVegas411,Lincoln Jean,7025551838
554,MacKinlayPasadena411,MacKinlay Julie,6265557265
555,FresnièreDublin411,Fresnière Dean,35318621555
556,BrownNYC411,Brown Michael,2125551500
557,BertrandMakatiCity411,Bertrand Arnold,6325553587
558,HolzFribourg411,Holz Ed,41264255001
559,RodriguezChatswood411,Rodriguez Adrian,61294958555
560,FernandezLasVegas411,Fernandez Jean,7025551838
561,CassidySouthBrisbane411,Cassidy Ben,61738446555
562,CruzBarcelona411,Cruz Eduardo,932034555
563,MessnerReims411,Messner Paul,26471555
564,CruzWellington411,Cruz Sarah,044999555
565,DeweyLeipzig411,Dewey Alexander,0342555176
566,SchuylerCork411,Schuyler Patricia,2967555
567,KingBerlin411,King Mel,0300074555
568,VictorinoSingapore411,Victorino Wendy,652241555
569,RancéNashua411,Rancé Dorothy,6035558647
570,HernandezNorthSydney411,Hernandez Anna,0299368555
571,BergulfsenBarcelona411,Bergulfsen Eduardo,932034555
572,FrickReims411,Frick Paul,26471555
573,ChandlerLisboa411,Chandler Isabel,13565555
574,MessnerGenève411,Messner Mihael,0897034555
575,McRoyGenève411,McRoy Mihael,0897034555
576,TsengAuckland411,Tseng Wales,6493763555
577,OeztanLiverpool411,Oeztan Elizabeth,1715552282
578,CassidyCentralHongKong411,Cassidy Mike,85222511555
579,deCastroMadrid411,de Castro Alejandra,917456555
580,YoshidoSalzburg411,Yoshido Georg,65629555
581,KingBergamo411,King Giovanni,035640555
582,RovelliSanFrancisco411,Rovelli Julie,6505555787
583,RovelliÅrhus411,Rovelli Palle,86213555
584,HuxleyCork411,Huxley Patricia,2967555
585,TaylorToulouse411,Taylor Annette,61776555
586,KingMünster411,King Karin,0251555259
587,YoungSanDiego411,Young Valarie,7605558146
588,CalaghanGlendale411,Calaghan Dan,2035554407
589,FreyreMadrid411,Freyre Alejandra,917456555
590,CaminoManchester411,Camino Rachel,1715551555
591,ShimamuraNewHaven411,Shimamura Keith,2035557845
592,VictorinoBergen411,Victorino Veysel,4722673215
593,PetersenLasVegas411,Petersen Jean,7025551838
594,MurphyLisboa411,Murphy Lino,13542555
595,OeztanFribourg411,Oeztan Ed,41264255001
596,PfalzheimNantes411,Pfalzheim Janine,40678555
597,PiestrzeniewiczStavern411,Piestrzeniewicz Jonas,07989555
598,LewisMakatiCity411,Lewis Arnold,6325553587
599,TaylorAuckland411,Taylor Wales,6493763555
600,TamuriAuckland411,Tamuri Wales,6493763555
601,CaminoMadrid411,Camino Alejandra,917456555
602,KingOslo411,King Jan,4722121555
603,McKennaSanFrancisco411,McKenna Julie,6505555787
604,PfalzheimNorthSydney411,Pfalzheim Anna,0299368555
605,KugerOulu411,Kuger Pirkko,981443655
606,FernandezBrickhaven411,Fernandez Miguel,6175557555
607,BarajasDublin411,Barajas Dean,35318621555
608,KlaeboeWhitePlains411,Klaeboe Steve,9145554562
609,ThompsonVancouver411,Thompson Yoshi,6045553392
610,PerrierPhiladelphia411,Perrier Francisca,2155554695
611,KentaryBerlin411,Kentary Mel,0300074555
612,AccortiKita-ku411,Accorti Mory,810663425555
613,ThompsonReims411,Thompson Paul,26471555
614,HernandezLuleå411,Hernandez Christina,0921123555
615,AshworthNashua411,Ashworth Dorothy,6035558647
616,HuangMadrid411,Huang Alejandra,917456555
617,LeongNYC411,Leong Maria,2125558493
618,CassidyMinato-ku411,Cassidy Akiko,81335840555
619,FrickLondon411,Frick Ann,1715550297
620,BerglundSanDiego411,Berglund Valarie,7605558146
621,LeeSouthBrisbane411,Lee Ben,61738446555
622,LeeHelsinki411,Lee Matti,902248555
623,ToniniFrankfurt411,Tonini Renate,0690555984
624,CervantesBern411,Cervantes Braun,0452076555
625,HernandezCork411,Hernandez Patricia,2967555
626,BrownBruxelles411,Brown Catherine,02555467
627,CalaghanSanFrancisco411,Calaghan Julie,6505551386
628,YoungMünster411,Young Karin,0251555259
629,LeeSanFrancisco411,Lee Julie,6505551386
630,YoungAllentown411,Young Kelvin,2155551555
631,BrownCharleroi411,Brown Pascale,07123672555
632,LabruneChatswood411,Labrune Adrian,61294958555
633,TamuriLeipzig411,Tamuri Alexander,0342555176
634,JosephsKita-ku411,Josephs Mory,810663425555
635,FergusonSanDiego411,Ferguson Valarie,7605558146
636,YoungMadrid411,Young Diego,915559444
637,LincolnNYC411,Lincoln Maria,2125558493
638,MoroniNYC411,Moroni Jeff,2125557413
639,ToniniMarseille411,Tonini Laurence,91244555
640,AshworthNorthSydney411,Ashworth Anna,0299368555
641,HuangNantes411,Huang Janine,40678555
642,KeitelMinato-ku411,Keitel Akiko,81335840555
643,FresnièreEspoo411,Fresnière Kalle,35898045555
644,SuominenLasVegas411,Suominen Jean,7025551838
645,AccortiMakatiCity411,Accorti Arnold,6325553587
646,RouletSanFrancisco411,Roulet Julie,6505555787
647,DonnermeyerWhitePlains411,Donnermeyer Steve,9145554562
648,FreyreBarcelona411,Freyre Eduardo,932034555
649,KingNYC411,King Kwai,2125557818
650,CartrainHatfield411,Cartrain Armand,27215503555
651,AccortiNewBedford411,Accorti Wing,5085559555
652,KingCambridge411,King Marta,6175558555
653,HernandezPasadena411,Hernandez Julie,6265557265
654,AshworthCambridge411,Ashworth Marta,6175558555
655,AccortiSouthBrisbane411,Accorti Ben,61738446555
656,RancéManchester411,Rancé Rachel,1715551555
657,MüllerBrickhaven411,Müller Leslie,6175558428
658,KoskitaloManchester411,Koskitalo Rachel,1715551555
659,TamuriLosAngeles411,Tamuri Brian,2155554369
660,CaminoGlendale411,Camino Dan,2035554407
661,YoungToulouse411,Young Annette,61776555
662,CartrainMünster411,Cartrain Karin,0251555259
663,ShimamuraCowes411,Shimamura Helen,1985558888
664,KentaryLille411,Kentary Martine,20161555
665,PetersenBrickhaven411,Petersen Leslie,6175558428
666,RancéSanRafael411,Rancé Susan,4155551450
667,deCastroMinato-ku411,de Castro Akiko,81335840555
668,KentaryNYC411,Kentary Maria,2125558493
669,KentaryPhiladelphia411,Kentary Francisca,2155554695
670,CervantesTorino411,Cervantes Paolo,0114988555
671,BrownSanRafael411,Brown Susan,4155551450
672,HashimotoNantes411,Hashimoto Janine,40678555
673,HenriotKita-ku411,Henriot Mory,810663425555
674,DevonWellington411,Devon Sarah,044999555
675,HernandezHelsinki411,Hernandez Matti,902248555
676,BarajasMadrid411,Barajas Jesus,34913728555
677,RovelliStavern411,Rovelli Jonas,07989555
678,FeuerBridgewater411,Feuer Julie,2035552570
679,JosephsLille411,Josephs Martine,20161555
680,LebihanMelbourne411,Lebihan Peter,0395204555
681,HolzNewark411,Holz William,2015559350
682,LeongSingapore411,Leong Wendy,652241555
683,ShimamuraLisboa411,Shimamura Isabel,13565555
684,FreyreCambridge411,Freyre Marta,6175558555
685,GaoBergen411,Gao Veysel,4722673215
686,McKennaMunich411,McKenna Michael,498961089555
687,YoungBridgewater411,Young Julie,2035552570
688,NatividadNYC411,Natividad Jeff,2125557413
689,MurphyLosAngeles411,Murphy Brian,2155554369
690,DaSilvaCentralHongKong411,Da Silva Mike,85222511555
691,FergusonReggioEmilia411,Ferguson Maurizio,0522556555
692,DonnermeyerSingapore411,Donnermeyer Wendy,652241555
693,BennettLosAngeles411,Bennett Brian,2155554369
694,FresnièreChatswood411,Fresnière Adrian,61294958555
695,BrownLiverpool411,Brown Elizabeth,1715552282
696,KingVancouver411,King Yoshi,6045553392
697,MüllerGlendale411,Müller Mary,3105552373
698,LebihanNorthSydney411,Lebihan Anna,0299368555
699,LeongBridgewater411,Leong Julie,2035552570
700,GaoBergamo411,Gao Giovanni,035640555
701,TaylorOulu411,Taylor Pirkko,981443655
702,FresnièreSingapore411,Fresnière Wendy,652241555
703,HolzOslo411,Holz Jan,4722121555
704,FresnièreCambridge411,Fresnière Jerry,6175555555
705,CalaghanBerlin411,Calaghan Mel,0300074555
706,FrancoBrickhaven411,Franco Leslie,6175558428
707,HuangAuckland411,Huang Mike,6493125555
708,McRoyCambridge411,McRoy Marta,6175558555
709,HarrisonMontréal411,Harrison Jean,5145558054
710,DaSilvaNYC411,Da Silva Michael,2125551500
711,LeongTorino411,Leong Paolo,0114988555
712,FresnièreLisboa411,Fresnière Lino,13542555
713,HenriotCork411,Henriot Patricia,2967555
714,TsengNewark411,Tseng William,2015559350
715,McRoyBrickhaven411,McRoy Leslie,6175558428
716,KlossOulu411,Kloss Pirkko,981443655
717,PerrierNYC411,Perrier Jeff,2125557413
718,NelsonParis411,Nelson Marie,142342555
719,TaylorAuckland411,Taylor Wales,6493763555
720,O'HaraWhitePlains411,O'Hara Steve,9145554562
721,TsengWellington411,Tseng Sarah,044999555
722,CiteauxParis411,Citeaux Dominique,147556555
723,KoskitaloBoston411,Koskitalo Juri,6175559555
724,BennettAllentown411,Bennett Kelvin,2155551555
725,GrahamMarseille411,Graham Laurence,91244555
726,NelsonBruxelles411,Nelson Catherine,02555467
727,FeuerBrickhaven411,Feuer Miguel,6175557555
728,SaveleyBrandenburg411,Saveley Philip,055509555
729,CervantesNYC411,Cervantes Kwai,2125557818
730,MessnerKobenhavn411,Messner Jytte,31123555
731,BarajasCentralHongKong411,Barajas Mike,85222511555
732,LeongFrankfurt411,Leong Renate,0690555984
733,deCastroCambridge411,de Castro Jerry,6175555555
734,MurphyAuckland411,Murphy Wales,6493763555
735,McKennaCowes411,McKenna Helen,1985558888
736,BennettBrickhaven411,Bennett Leslie,6175558428
737,ShimamuraBoston411,Shimamura Juri,6175559555
738,BertrandStavern411,Bertrand Jonas,07989555
739,FrickBurlingame411,Frick Juri,6505556809
740,KingWarszawa411,King Zbyszek,266427555
741,HolzNantes411,Holz Janine,40678555
742,CruzBern411,Cruz Braun,0452076555
743,SaavedraKita-ku411,Saavedra Mory,810663425555
744,VictorinoBrickhaven411,Victorino Leslie,6175558428
745,PfalzheimLisboa411,Pfalzheim Lino,13542555
746,NelsonStavern411,Nelson Jonas,07989555
747,AccortiCunewalde411,Accorti Horst,0372555188
748,LeongStrasbourg411,Leong Frédérique,88601555
749,KentaryManchester411,Kentary Rachel,1715551555
750,FergusonLisboa411,Ferguson Lino,13542555
751,KarttunenNewHaven411,Karttunen Keith,2035557845
752,HernandezBrickhaven411,Hernandez Leslie,6175558428
753,O'HaraCork411,O'Hara Patricia,2967555
754,FrankenWarszawa411,Franken Zbyszek,266427555
755,RouletVancouver411,Roulet Yoshi,6045553392
756,KingCambridge411,King Jerry,6175555555
757,BergulfsenCowes411,Bergulfsen Helen,1985558888
758,RovelliMontréal411,Rovelli Jean,5145558054
759,CervantesMadrid411,Cervantes Alejandra,917456555
760,RouletBruxelles411,Roulet Catherine,02555467
761,MessnerSanFrancisco411,Messner Julie,6505551386
762,CruzBruxelles411,Cruz Catherine,02555467
763,deCastroMelbourne411,de Castro Peter,0395204555
764,KoskitaloWhitePlains411,Koskitalo Steve,9145554562
765,BennettSouthBrisbane411,Bennett Ben,61738446555
766,MessnerWarszawa411,Messner Zbyszek,266427555
767,O'HaraGlendale411,O'Hara Mary,3105552373
768,JosephsNYC411,Josephs Michael,2125551500
769,CiteauxToulouse411,Citeaux Annette,61776555
770,WalkerParis411,Walker Marie,142342555
771,LeeSalzburg411,Lee Georg,65629555
772,RodriguezStrasbourg411,Rodriguez Frédérique,88601555
773,KugerToulouse411,Kuger Annette,61776555
774,DonnermeyerNewHaven411,Donnermeyer Keith,2035557845
775,KlossFrankfurt411,Kloss Roland,496966902555
776,PerrierGenève411,Perrier Mihael,0897034555
777,AccortiWhitePlains411,Accorti Steve,9145554562
778,HashimotoLuleå411,Hashimoto Christina,0921123555
779,HuxleyKobenhavn411,Huxley Jytte,31123555
780,LabruneLyon411,Labrune Mary,78325555
781,LabruneParis411,Labrune Marie,142342555
782,HashimotoParis411,Hashimoto Dominique,147556555
783,YoungMelbourne411,Young Peter,0395204555
784,HernandezHatfield411,Hernandez Armand,27215503555
785,FrancoPhiladelphia411,Franco Francisca,2155554695
786,WalkerMunich411,Walker Michael,498961089555
787,BrownAllentown411,Brown Kelvin,2155551555
788,LincolnStavern411,Lincoln Jonas,07989555
789,RovelliReims411,Rovelli Paul,26471555
790,AshworthParis411,Ashworth Marie,142342555
791,CervantesMakatiCity411,Cervantes Arnold,6325553587
792,BergulfsenLisboa411,Bergulfsen Isabel,13565555
793,BennettCork411,Bennett Patricia,2967555
794,KarttunenBrandenburg411,Karttunen Philip,055509555
795,RancéSanFrancisco411,Rancé Julie,6505551386
796,FernandezNashua411,Fernandez Dorothy,6035558647
797,BrownSanFrancisco411,Brown Julie,6505555787
798,FergusonNantes411,Ferguson Janine,40678555
799,NelsonCunewalde411,Nelson Horst,0372555188
800,BrownDublin411,Brown Dean,35318621555
801,KingPasadena411,King Julie,6265557265
802,ToniniMinato-ku411,Tonini Akiko,81335840555
803,KeitelLille411,Keitel Martine,20161555
804,FrancoLasVegas411,Franco Jean,7025551838
805,CaminoPhiladelphia411,Camino Francisca,2155554695
806,UrsNYC411,Urs Michael,2125551500
807,PetersenCambridge411,Petersen Marta,6175558555
808,KingAuckland411,King Mike,6493125555
809,CaminoMadrid411,Camino Diego,915559444
810,CramerCambridge411,Cramer Jerry,6175555555
811,MacKinlayMadrid411,MacKinlay Jesus,34913728555
812,MoroniBergamo411,Moroni Giovanni,035640555
813,ThompsonCunewalde411,Thompson Horst,0372555188
814,FernandezSalzburg411,Fernandez Georg,65629555
815,KoskitaloBrickhaven411,Koskitalo Miguel,6175557555
816,CalaghanNewHaven411,Calaghan Keith,2035557845
817,RodriguezBergen411,Rodriguez Veysel,4722673215
818,ToniniDublin411,Tonini Dean,35318621555
819,HuangCambridge411,Huang Jerry,6175555555
820,FernandezCharleroi411,Fernandez Pascale,07123672555
821,FrancoAmsterdam411,Franco Bradley,31204919555
822,YoungKobenhavn411,Young Jytte,31123555
823,ThompsonCambridge411,Thompson Jerry,6175555555
824,YoungKobenhavn411,Young Jytte,31123555
825,ThompsonCowes411,Thompson Helen,1985558888
826,McRoyBoston411,McRoy Juri,6175559555
827,FrickVersailles411,Frick Daniel,30598555
828,DonnermeyerEspoo411,Donnermeyer Kalle,35898045555
829,RovelliLyon411,Rovelli Mary,78325555
830,MessnerSalzburg411,Messner Georg,65629555
831,MessnerMelbourne411,Messner Peter,0395204555
832,FresnièreParis411,Fresnière Dominique,147556555
833,TsengLuleå411,Tseng Christina,0921123555
834,KoskitaloFrankfurt411,Koskitalo Renate,0690555984
835,MacKinlayBarcelona411,MacKinlay Eduardo,932034555
836,KentaryKöln411,Kentary Henriette,02215554327
837,ChandlerCowes411,Chandler Helen,1985558888
838,deCastroSanRafael411,de Castro Susan,4155551450
839,UrsWarszawa411,Urs Zbyszek,266427555
840,ThompsonLille411,Thompson Martine,20161555
841,IbsenLiverpool411,Ibsen Elizabeth,1715552282
842,CramerGlendale411,Cramer Dan,2035554407
843,FeuerSalzburg411,Feuer Georg,65629555
844,AshworthMünster411,Ashworth Karin,0251555259
845,SchuylerAuckland411,Schuyler Wales,6493763555
846,JosephsReims411,Josephs Paul,26471555
847,CartrainSouthBrisbane411,Cartrain Ben,61738446555
848,HuangMunich411,Huang Michael,498961089555
849,PerrierPhiladelphia411,Perrier Francisca,2155554695
850,KarttunenCentralHongKong411,Karttunen Mike,85222511555
851,HernandezParis411,Hernandez Dominique,147556555
852,RovelliChatswood411,Rovelli Adrian,61294958555
853,MüllerNorthSydney411,Müller Anna,0299368555
854,ShimamuraBrickhaven411,Shimamura Miguel,6175557555
855,AndersenReims411,Andersen Paul,26471555
856,FreyreCentralHongKong411,Freyre Mike,85222511555
857,CaminoSanFrancisco411,Camino Julie,6505551386
858,LebihanÅrhus411,Lebihan Palle,86213555
859,IbsenBruxelles411,Ibsen Catherine,02555467
860,MacKinlayWhitePlains411,MacKinlay Steve,9145554562
861,HernandezMontréal411,Hernandez Jean,5145558054
862,FrickKita-ku411,Frick Mory,810663425555
863,McRoyChatswood411,McRoy Adrian,61294958555
864,RancéChatswood411,Rancé Adrian,61294958555
865,KarttunenBergamo411,Karttunen Giovanni,035640555
866,ShimamuraSanFrancisco411,Shimamura Julie,6505555787
867,HashimotoStrasbourg411,Hashimoto Frédérique,88601555
868,MacKinlayMadrid411,MacKinlay Diego,915559444
869,YoungMadrid411,Young Jesus,34913728555
870,CartrainEspoo411,Cartrain Kalle,35898045555
871,ThompsonBrandenburg411,Thompson Philip,055509555
872,VictorinoLisboa411,Victorino Lino,13542555
873,CaminoAmsterdam411,Camino Bradley,31204919555
874,RodriguezKobenhavn411,Rodriguez Jytte,31123555
875,PetersenLisboa411,Petersen Lino,13542555
876,KingNYC411,King Michael,2125551500
877,BertrandToulouse411,Bertrand Annette,61776555
878,WalkerParis411,Walker Marie,142342555
879,SaavedraNorthSydney411,Saavedra Anna,0299368555
880,FrickBruxelles411,Frick Catherine,02555467
881,GaoNewBedford411,Gao Wing,5085559555
882,RodriguezBrickhaven411,Rodriguez Allen,6175558555
883,KeitelBrandenburg411,Keitel Philip,055509555
884,FeuerNewBedford411,Feuer Wing,5085559555
885,SaveleyNYC411,Saveley Maria,2125558493
886,CaminoLosAngeles411,Camino Brian,2155554369
887,IbsenWarszawa411,Ibsen Zbyszek,266427555
888,LincolnAuckland411,Lincoln Mike,6493125555
889,LeongBergamo411,Leong Giovanni,035640555
890,CruzSanFrancisco411,Cruz Julie,6505555787
891,FrancoLuleå411,Franco Christina,0921123555
892,KentaryToulouse411,Kentary Annette,61776555
893,HenriotNYC411,Henriot Michael,2125551500
894,GrahamSingapore411,Graham Wendy,652241555
895,SchuylerManchester411,Schuyler Rachel,1715551555
896,CruzLosAngeles411,Cruz Brian,2155554369
897,FresnièreParis411,Fresnière Daniel,33146627555
898,LewisSanFrancisco411,Lewis Julie,6505551386
899,AccortiHatfield411,Accorti Armand,27215503555
900,AshworthNewark411,Ashworth William,2015559350
901,SaavedraBergen411,Saavedra Veysel,4722673215
902,FeuerBrickhaven411,Feuer Allen,6175558555
903,TsengLyon411,Tseng Mary,78325555
904,McKennaNYC411,McKenna Michael,2125551500
905,McKennaReggioEmilia411,McKenna Maurizio,0522556555
906,FrickAmsterdam411,Frick Bradley,31204919555
907,CalaghanSalzburg411,Calaghan Georg,65629555
908,SaavedraBruxelles411,Saavedra Catherine,02555467
909,deCastroKita-ku411,de Castro Mory,810663425555
910,DeweyNorthSydney411,Dewey Anna,0299368555
911,NatividadFribourg411,Natividad Ed,41264255001
912,HolzBruxelles411,Holz Catherine,02555467
913,LeongLuleå411,Leong Christina,0921123555
914,RancéMunich411,Rancé Michael,498961089555
915,CassidySingapore411,Cassidy Wendy,652241555
916,HuangLuleå411,Huang Christina,0921123555
917,BennettMadrid411,Bennett Jesus,34913728555
918,MurphyFribourg411,Murphy Ed,41264255001
919,RovelliVancouver411,Rovelli Yoshi,6045553392
920,BrownBerlin411,Brown Mel,0300074555
921,TamuriPasadena411,Tamuri Julie,6265557265
922,ToniniAmsterdam411,Tonini Bradley,31204919555
923,HernandezHatfield411,Hernandez Armand,27215503555
924,LincolnBrickhaven411,Lincoln Leslie,6175558428
925,PetersenAuckland411,Petersen Wales,6493763555
926,SaveleyNYC411,Saveley Maria,2125558493
927,FernandezMünchen411,Fernandez Peter,0890877555
928,HarrisonNorthSydney411,Harrison Anna,0299368555
929,CartrainGlendale411,Cartrain Dan,2035554407
930,SaveleyStavern411,Saveley Jonas,07989555
931,PiestrzeniewiczÅrhus411,Piestrzeniewicz Palle,86213555
932,O'HaraBrandenburg411,O'Hara Philip,055509555
933,CaminoStrasbourg411,Camino Frédérique,88601555
934,ToniniStavern411,Tonini Jonas,07989555
935,YoungParis411,Young Marie,142342555
936,BergulfsenBrandenburg411,Bergulfsen Philip,055509555
937,CalaghanMarseille411,Calaghan Laurence,91244555
938,YoungBurlingame411,Young Juri,6505556809
939,UrsHatfield411,Urs Armand,27215503555
940,BergulfsenMunich411,Bergulfsen Michael,498961089555
941,JosephsPhiladelphia411,Josephs Francisca,2155554695
942,CalaghanChatswood411,Calaghan Adrian,61294958555
943,RouletLille411,Roulet Martine,20161555
944,HarrisonChatswood411,Harrison Adrian,61294958555
945,BennettSingapore411,Bennett Wendy,652241555
946,RovelliLisboa411,Rovelli Isabel,13565555
947,MurphyAllentown411,Murphy Kelvin,2155551555
948,YoungCork411,Young Patricia,2967555
949,HuangSanFrancisco411,Huang Julie,6505555787
950,PippsNantes411,Pipps Janine,40678555
951,RovelliParis411,Rovelli Daniel,33146627555
952,WalkerBruxelles411,Walker Catherine,02555467
953,PippsNewark411,Pipps William,2015559350
954,WalkerWellington411,Walker Sarah,044999555
955,AccortiOulu411,Accorti Pirkko,981443655
956,MurphyGlendale411,Murphy Mary,3105552373
957,IbsenFrankfurt411,Ibsen Roland,496966902555
958,SaavedraSouthBrisbane411,Saavedra Ben,61738446555
959,SuominenBerlin411,Suominen Mel,0300074555
960,HuxleyGlendale411,Huxley Dan,2035554407
961,FernandezCunewalde411,Fernandez Horst,0372555188
962,CervantesLondon411,Cervantes Ann,1715550297
963,MoroniAuckland411,Moroni Wales,6493763555
964,YoungMontréal411,Young Jean,5145558054
965,CaminoDublin411,Camino Dean,35318621555
966,TamuriFribourg411,Tamuri Ed,41264255001
967,HenriotWhitePlains411,Henriot Steve,9145554562
968,YoungSanFrancisco411,Young Julie,6505555787
969,PfalzheimTsawassen411,Pfalzheim Elizabeth,6045554555
970,PfalzheimAuckland411,Pfalzheim Mike,6493125555
971,FergusonCambridge411,Ferguson Marta,6175558555
972,HuangDublin411,Huang Dean,35318621555
973,MüllerAllentown411,Müller Kelvin,2155551555
974,SchuylerBarcelona411,Schuyler Eduardo,932034555
975,BertrandNYC411,Bertrand Jeff,2125557413
976,LabruneToulouse411,Labrune Annette,61776555
977,YoungWhitePlains411,Young Steve,9145554562
978,ChandlerLille411,Chandler Martine,20161555
979,McKennaReims411,McKenna Paul,26471555
980,ShimamuraPhiladelphia411,Shimamura Francisca,2155554695
981,BarajasBrickhaven411,Barajas Leslie,6175558428
982,FrickMontréal411,Frick Jean,5145558054
983,NelsonAuckland411,Nelson Mike,6493125555
984,AshworthNashua411,Ashworth Dorothy,6035558647
985,FeuerMünchen411,Feuer Peter,0890877555
986,YoungNYC411,Young Maria,2125558493
987,BennettParis411,Bennett Dominique,147556555
988,FrickMadrid411,Frick Diego,915559444
989,KingTorino411,King Paolo,0114988555
990,SaveleyLyon411,Saveley Mary,78325555
991,ThompsonParis411,Thompson Marie,142342555
992,WalkerNewBedford411,Walker Wing,5085559555
993,TamuriStavern411,Tamuri Jonas,07989555
994,PerrierNantes411,Perrier Janine,40678555
995,SchuylerGlendale411,Schuyler Mary,3105552373
996,RodriguezNYC411,Rodriguez Jeff,2125557413
997,KlaeboePasadena411,Klaeboe Julie,6265557265
998,SchuylerBrickhaven411,Schuyler Miguel,6175557555
999,DeweyWarszawa411,Dewey Zbyszek,266427555
1000,AshworthMinato-ku411,Ashworth Akiko,81335840555
